level,m_bytes,t_sec
memory,4096,2.18228e-06
memory,16384,3.91038e-06
memory,65536,7.28891e-06
memory,262144,1.742181e-05
memory,1048576,9.945148e-05
memory,2097152,0.00023208174
memory,4194304,0.00046487214
memory,8388608,0.00154905517
