level,m_bytes,t_sec
network,4096,0.0001050975
network,16384,0.00033207307
network,65536,0.00096080966
network,262144,0.00181728799
network,1048576,0.00711874393
network,2097152,0.0135329681
network,4194304,0.0292544874
network,8388608,0.0576257306
