level,m_bytes,t_sec
network,4096,3.46047e-06
network,16384,4.73223e-06
network,65536,1.089935e-05
network,262144,4.34322e-05
network,1048576,0.00011170115
network,2097152,0.00019936143
network,4194304,0.0007669593
network,8388608,0.00221975001
