level,m_bytes,t_sec
memory,4096,0.0001307612
memory,16384,0.00022826762
memory,65536,0.00098942897
memory,262144,0.00191113107
memory,1048576,0.00706500314
memory,2097152,0.0140386585
memory,4194304,0.0278974744
memory,8388608,0.0595367158
