level,m_bytes,t_sec
qpi,4096,0.00015210124
qpi,16384,0.00038387347
qpi,65536,0.00096532762
qpi,262144,0.00185234012
qpi,1048576,0.0062506486
qpi,2097152,0.0140585082
qpi,4194304,0.0277938776
qpi,8388608,0.0578599198
