level,m_bytes,t_sec
qpi,4096,4.75043e-06
qpi,16384,5.61481e-06
qpi,65536,9.49681e-06
qpi,262144,2.067165e-05
qpi,1048576,0.00011017485
qpi,2097152,0.00023779674
qpi,4194304,0.00043009241
qpi,8388608,0.00094938439
