m,n,alg,time_sec
500,4096,NFDH,0.000002
500,4096,FFDH,0.000103
1000,4096,NFDH,0.000003
1000,4096,FFDH,0.000176
1500,4096,NFDH,0.000005
1500,4096,FFDH,0.000279
2000,4096,NFDH,0.000007
2000,4096,FFDH,0.000422
2500,4096,NFDH,0.000007
2500,4096,FFDH,0.000563
3000,4096,NFDH,0.000010
3000,4096,FFDH,0.000830
3500,4096,NFDH,0.000012
3500,4096,FFDH,0.001125
4000,4096,NFDH,0.000015
4000,4096,FFDH,0.001265
4500,4096,NFDH,0.000016
4500,4096,FFDH,0.001556
5000,4096,NFDH,0.000014
5000,4096,FFDH,0.001880
